title,date
weekend-project,2025-08-31
code-review-feedback,2025-08-31
pair-programming-session,2025-08-31
project-retrospective,2025-09-01
discussing-a-pull-request,2025-09-01
planning-the-next-sprint,2025-09-01
daily-stand-up-meeting,2025-09-02
debugging-a-production-issue,2025-09-02
onboarding-a-new-developer,2025-09-02
tech-talk-preparation,2025-09-03
refactoring-legacy-code,2025-09-03
discussing-a-new-feature,2025-09-03
brainstorming-a-new-feature,2025-09-04
discussing-technical-debt,2025-09-04
performance-optimization-discussion,2025-09-04
deployment-day-coordination,2025-09-05
catching-up-after-a-holiday,2025-09-05
end-of-day-wrap-up,2025-09-05
mentoring-a-junior-developer,2025-09-08
discussing-api-design,2025-09-08
code-freeze-announcement,2025-09-09
post-deployment-check,2025-09-09
a-quick-chat-before-the-weekend,2025-09-09
daily-standup-and-a-quick-sync-42be20,2025-09-10
daily-standup-and-a-quick-sync-6e9e75,2025-09-10
discussing-a-bug-report,2025-09-10
code-review-session-a8b3f1,2025-09-10
discussing-a-performance-bottleneck,2025-09-11
a-hectic-morning-with-the-team,2025-09-11
planning-a-refactor,2025-09-11
sprint-retrospective,2025-09-12
end-of-day-wrap-up,2025-09-12
code-review-etiquette,2025-09-12
end-of-week-sync,2025-09-13
preparing-for-a-presentation,2025-09-13
evaluating-a-new-library,2025-09-13
handling-a-critical-bug,2025-09-14
discussing-a-new-mobile-feature,2025-09-14
planning-a-database-migration,2025-09-14
weekly-planning-meeting,2025-09-15
discussing-a-production-outage,2025-09-15
a-quick-sync-on-a-new-library,2025-09-15
